use dctree;

INSERT INTO `users` (`id`, `firstname`, `surname`, `username`, `email`, `password`)
VALUES
(1, 'Alice', 'Smith', 'alice-bakery', 'alice@example.com', 'password1'),
(2, 'Bob', 'Johnson', 'bobs-cafe', 'bob@example.com', 'password2'),
(3, 'Charlie', 'Brown', 'charlie-tech', 'charlie@example.com', 'password3'),
(4, 'David', 'Wilson', 'davids-garage', 'david@example.com', 'password4'),
(5, 'Eva', 'Davis', 'evas-boutique', 'eva@example.com', 'password5'),
(6, 'Frank', 'Miller', 'franks-bookstore', 'frank@example.com', 'password6'),
(7, 'Grace', 'Taylor', 'graces-art', 'grace@example.com', 'password7'),
(8, 'Hannah', 'Moore', 'hannahs-fitness', 'hannah@example.com', 'password8'),
(9, 'Ian', 'Anderson', 'ians-music', 'ian@example.com', 'password9'),
(10, 'Jack', 'Thomas', 'jacks-auto', 'jack@example.com', 'password10');

INSERT INTO `links` (`id`, `user_id`, `label`, `url`, `title`, `description`)
VALUES
(1, 1, 'Google', 'https://www.google.com', 'Google Search', 'Search engine'),
(2, 1, 'GitHub', 'https://github.com', 'GitHub', 'Code hosting platform'),
(3, 1, 'LinkedIn', 'https://www.linkedin.com', 'LinkedIn', 'Professional networking'),
(4, 1, 'Stack Overflow', 'https://stackoverflow.com', 'Stack Overflow', 'Programming Q&A'),
(5, 1, 'Reddit', 'https://www.reddit.com', 'Reddit', 'Social news aggregation'),
(6, 2, 'Twitter', 'https://twitter.com', 'Twitter', 'Social networking'),
(7, 2, 'Facebook', 'https://www.facebook.com', 'Facebook', 'Social media platform'),
(8, 2, 'Instagram', 'https://www.instagram.com', 'Instagram', 'Photo sharing app'),
(9, 2, 'YouTube', 'https://www.youtube.com', 'YouTube', 'Video sharing platform'),
(10, 2, 'Wikipedia', 'https://www.wikipedia.org', 'Wikipedia', 'Free online encyclopedia'),
(11, 3, 'Amazon', 'https://www.amazon.com', 'Amazon', 'Online shopping'),
(12, 3, 'Bing', 'https://www.bing.com', 'Bing Search', 'Search engine'),
(13, 3, 'Netflix', 'https://www.netflix.com', 'Netflix', 'Streaming service'),
(14, 3, 'Quora', 'https://www.quora.com', 'Quora', 'Questions and Answers'),
(15, 3, 'Medium', 'https://medium.com', 'Medium', 'Blogging platform'),
(16, 4, 'WhatsApp', 'https://www.whatsapp.com', 'WhatsApp', 'Messaging app'),
(17, 4, 'Telegram', 'https://telegram.org', 'Telegram', 'Messaging app'),
(18, 4, 'Snapchat', 'https://www.snapchat.com', 'Snapchat', 'Social media app'),
(19, 4, 'Pinterest', 'https://www.pinterest.com', 'Pinterest', 'Image sharing'),
(20, 4, 'TikTok', 'https://www.tiktok.com', 'TikTok', 'Short video platform'),
(21, 5, 'Dropbox', 'https://www.dropbox.com', 'Dropbox', 'Cloud storage'),
(22, 5, 'Spotify', 'https://www.spotify.com', 'Spotify', 'Music streaming'),
(23, 5, 'Apple', 'https://www.apple.com', 'Apple', 'Technology company'),
(24, 5, 'Microsoft', 'https://www.microsoft.com', 'Microsoft', 'Technology company'),
(25, 5, 'Adobe', 'https://www.adobe.com', 'Adobe', 'Software company'),
(26, 6, 'BBC', 'https://www.bbc.com', 'BBC', 'News organization'),
(27, 6, 'CNN', 'https://www.cnn.com', 'CNN', 'News organization'),
(28, 6, 'The Guardian', 'https://www.theguardian.com', 'The Guardian', 'News organization'),
(29, 6, 'New York Times', 'https://www.nytimes.com', 'New York Times', 'News organization'),
(30, 6, 'Reuters', 'https://www.reuters.com', 'Reuters', 'News organization'),
(31, 7, 'Coursera', 'https://www.coursera.org', 'Coursera', 'Online learning'),
(32, 7, 'edX', 'https://www.edx.org', 'edX', 'Online learning'),
(33, 7, 'Udemy', 'https://www.udemy.com', 'Udemy', 'Online learning'),
(34, 7, 'Khan Academy', 'https://www.khanacademy.org', 'Khan Academy', 'Online learning'),
(35, 7, 'Pluralsight', 'https://www.pluralsight.com', 'Pluralsight', 'Technology skills'),
(36, 8, 'Slack', 'https://slack.com', 'Slack', 'Collaboration tool'),
(37, 8, 'Zoom', 'https://zoom.us', 'Zoom', 'Video conferencing'),
(38, 8, 'Trello', 'https://trello.com', 'Trello', 'Project management'),
(39, 8, 'Asana', 'https://asana.com', 'Asana', 'Project management'),
(40, 8, 'Basecamp', 'https://basecamp.com', 'Basecamp', 'Project management'),
(41, 9, 'Airbnb', 'https://www.airbnb.com', 'Airbnb', 'Travel accommodation'),
(42, 9, 'Booking', 'https://www.booking.com', 'Booking', 'Travel booking'),
(43, 9, 'Expedia', 'https://www.expedia.com', 'Expedia', 'Travel booking'),
(44, 9, 'Tripadvisor', 'https://www.tripadvisor.com', 'Tripadvisor', 'Travel reviews'),
(45, 9, 'Kayak', 'https://www.kayak.com', 'Kayak', 'Travel booking'),
(46, 10, 'Etsy', 'https://www.etsy.com', 'Etsy', 'Online marketplace'),
(47, 10, 'Alibaba', 'https://www.alibaba.com', 'Alibaba', 'E-commerce platform'),
(48, 10, 'Craigslist', 'https://www.craigslist.org', 'Craigslist', 'Classifieds'),
(49, 10, 'Walmart', 'https://www.walmart.com', 'Walmart', 'Retail corporation'),
(50, 10, 'Target', 'https://www.target.com', 'Target', 'Retail corporation');

INSERT INTO `ui_style` (`id`, `user_id`, `attribute`, `value`, `is_hover`)
VALUES
(1, 1, 'background-color', '#FF5733', 0),
(2, 1, 'background-color', '#C70039', 1),
(3, 2, 'background-color', '#900C3F', 0),
(4, 2, 'background-color', '#581845', 1),
(5, 3, 'background-color', '#FFC300', 0),
(6, 3, 'background-color', '#FF5733', 1),
(7, 4, 'background-color', '#DAF7A6', 0),
(8, 4, 'background-color', '#FFC300', 1),
(9, 5, 'background-color', '#FF5733', 0),
(10, 5, 'background-color', '#C70039', 1),
(11, 6, 'background-color', '#900C3F', 0),
(12, 6, 'background-color', '#581845', 1),
(13, 7, 'background-color', '#DAF7A6', 0),
(14, 7, 'background-color', '#FFC300', 1),
(15, 8, 'background-color', '#FF5733', 0),
(16, 8, 'background-color', '#C70039', 1),
(17, 9, 'background-color', '#900C3F', 0),
(18, 9, 'background-color', '#581845', 1),
(19, 10, 'background-color', '#DAF7A6', 0),
(20, 10, 'background-color', '#FFC300', 1);
